Date,Category,Likes
2021-01-01,Music,9712
2021-01-02,Food,1216
2021-01-03,Music,5759
2021-01-04,Family,8015
2021-01-05,Music,6794
2021-01-06,Travel,9846
2021-01-07,Travel,654
2021-01-08,Fitness,412
2021-01-09,Music,848
2021-01-10,Health,1542
2021-01-11,Family,6380
2021-01-12,Music,6792
2021-01-13,Music,8195
2021-01-14,Health,4374
2021-01-15,Fitness,3163
2021-01-16,Culture,9586
2021-01-17,Fitness,8515
2021-01-18,Fitness,4252
2021-01-19,Music,5148
2021-01-20,Fitness,7031
2021-01-21,Health,6489
2021-01-22,Health,4753
2021-01-23,Fashion,4883
2021-01-24,Culture,5331
2021-01-25,Health,976
2021-01-26,Fashion,7481
2021-01-27,Culture,4278
2021-01-28,Family,6643
2021-01-29,Fashion,4768
2021-01-30,Music,1542
2021-01-31,Fitness,1362
2021-02-01,Fashion,1394
2021-02-02,Travel,7527
2021-02-03,Travel,587
2021-02-04,Travel,8886
2021-02-05,Travel,1437
2021-02-06,Music,3048
2021-02-07,Health,4154
2021-02-08,Health,1048
2021-02-09,Food,8853
2021-02-10,Health,3131
2021-02-11,Food,7743
2021-02-12,Culture,326
2021-02-13,Family,9463
2021-02-14,Culture,2001
2021-02-15,Travel,6337
2021-02-16,Fashion,5756
2021-02-17,Health,5741
2021-02-18,Fitness,2423
2021-02-19,Travel,7683
2021-02-20,Food,8815
2021-02-21,Music,8997
2021-02-22,Health,385
2021-02-23,Fashion,7141
2021-02-24,Health,4781
2021-02-25,Family,5438
2021-02-26,Travel,151
2021-02-27,Music,649
2021-02-28,Family,8034
2021-03-01,Fashion,5973
2021-03-02,Fitness,4100
2021-03-03,Family,6741
2021-03-04,Health,3262
2021-03-05,Health,9450
2021-03-06,Family,7485
2021-03-07,Fitness,163
2021-03-08,Fashion,2875
2021-03-09,Fashion,1320
2021-03-10,Family,7842
2021-03-11,Health,8752
2021-03-12,Health,2134
2021-03-13,Fashion,1989
2021-03-14,Health,1146
2021-03-15,Fitness,5389
2021-03-16,Food,5872
2021-03-17,Culture,2359
2021-03-18,Music,1072
2021-03-19,Fitness,3194
2021-03-20,Culture,7782
2021-03-21,Music,2095
2021-03-22,Fitness,2803
2021-03-23,Family,8457
2021-03-24,Fashion,2876
2021-03-25,Music,2728
2021-03-26,Health,3268
2021-03-27,Health,4658
2021-03-28,Health,5063
2021-03-29,Health,2965
2021-03-30,Fitness,1063
2021-03-31,Fitness,392
2021-04-01,Music,8131
2021-04-02,Health,5779
2021-04-03,Culture,1087
2021-04-04,Fitness,5919
2021-04-05,Fashion,4939
2021-04-06,Family,5026
2021-04-07,Culture,1325
2021-04-08,Music,9854
2021-04-09,Food,2883
2021-04-10,Health,7661
2021-04-11,Food,4337
2021-04-12,Food,98
2021-04-13,Family,3121
2021-04-14,Family,1167
2021-04-15,Travel,5508
2021-04-16,Fitness,7883
2021-04-17,Culture,6782
2021-04-18,Travel,74
2021-04-19,Health,2773
2021-04-20,Family,3672
2021-04-21,Culture,1684
2021-04-22,Health,9639
2021-04-23,Health,1472
2021-04-24,Family,7391
2021-04-25,Travel,7172
2021-04-26,Music,7371
2021-04-27,Health,9849
2021-04-28,Family,1844
2021-04-29,Food,7671
2021-04-30,Fitness,1201
2021-05-01,Culture,8573
2021-05-02,Travel,3742
2021-05-03,Music,3595
2021-05-04,Health,8149
2021-05-05,Travel,928
2021-05-06,Health,9294
2021-05-07,Family,2255
2021-05-08,Fashion,1795
2021-05-09,Culture,1850
2021-05-10,Culture,2055
2021-05-11,Health,8595
2021-05-12,Family,6566
2021-05-13,Health,1689
2021-05-14,Fashion,5065
2021-05-15,Fashion,349
2021-05-16,Family,4013
2021-05-17,Culture,5653
2021-05-18,Music,78
2021-05-19,Fashion,8228
2021-05-20,Food,3870
2021-05-21,Travel,1572
2021-05-22,Family,8626
2021-05-23,Health,6301
2021-05-24,Music,4919
2021-05-25,Culture,3604
2021-05-26,Family,2651
2021-05-27,Fitness,1106
2021-05-28,Music,4200
2021-05-29,Fitness,1038
2021-05-30,Family,5122
2021-05-31,Fitness,6071
2021-06-01,Food,2391
2021-06-02,Family,8966
2021-06-03,Music,4517
2021-06-04,Health,8861
2021-06-05,Travel,277
2021-06-06,Travel,9450
2021-06-07,Culture,1713
2021-06-08,Fashion,3427
2021-06-09,Fitness,2460
2021-06-10,Fashion,8213
2021-06-11,Family,8935
2021-06-12,Culture,7785
2021-06-13,Fashion,6010
2021-06-14,Travel,1550
2021-06-15,Music,2222
2021-06-16,Food,5295
2021-06-17,Music,3336
2021-06-18,Fitness,9517
2021-06-19,Family,7368
2021-06-20,Culture,1015
2021-06-21,Fashion,8366
2021-06-22,Fitness,5921
2021-06-23,Health,1039
2021-06-24,Food,8786
2021-06-25,Food,4421
2021-06-26,Food,2507
2021-06-27,Travel,7225
2021-06-28,Fashion,2579
2021-06-29,Health,8652
2021-06-30,Family,9635
2021-07-01,Travel,1594
2021-07-02,Health,7986
2021-07-03,Family,1351
2021-07-04,Family,4491
2021-07-05,Culture,2442
2021-07-06,Music,1879
2021-07-07,Travel,1706
2021-07-08,Food,4315
2021-07-09,Travel,677
2021-07-10,Culture,52
2021-07-11,Food,7816
2021-07-12,Travel,1885
2021-07-13,Fashion,3415
2021-07-14,Health,9247
2021-07-15,Travel,2882
2021-07-16,Fitness,1635
2021-07-17,Culture,5715
2021-07-18,Fashion,5517
2021-07-19,Culture,8703
2021-07-20,Culture,1288
2021-07-21,Travel,3951
2021-07-22,Health,9983
2021-07-23,Culture,9413
2021-07-24,Health,7781
2021-07-25,Health,6577
2021-07-26,Fashion,3377
2021-07-27,Travel,6060
2021-07-28,Music,3693
2021-07-29,Travel,827
2021-07-30,Culture,9671
2021-07-31,Family,2166
2021-08-01,Family,5395
2021-08-02,Travel,1897
2021-08-03,Travel,9816
2021-08-04,Food,165
2021-08-05,Travel,3330
2021-08-06,Fashion,5006
2021-08-07,Health,7518
2021-08-08,Food,7295
2021-08-09,Family,4879
2021-08-10,Food,9123
2021-08-11,Food,3921
2021-08-12,Health,8263
2021-08-13,Fitness,6108
2021-08-14,Travel,7714
2021-08-15,Fashion,5812
2021-08-16,Travel,8088
2021-08-17,Travel,7197
2021-08-18,Family,8115
2021-08-19,Culture,235
2021-08-20,Health,4501
2021-08-21,Fitness,7276
2021-08-22,Family,5873
2021-08-23,Music,4671
2021-08-24,Health,7201
2021-08-25,Culture,3193
2021-08-26,Fashion,6853
2021-08-27,Travel,2976
2021-08-28,Family,8457
2021-08-29,Travel,9127
2021-08-30,Food,6689
2021-08-31,Health,9485
2021-09-01,Fashion,8850
2021-09-02,Travel,168
2021-09-03,Food,5083
2021-09-04,Music,3441
2021-09-05,Music,6955
2021-09-06,Travel,4778
2021-09-07,Travel,6921
2021-09-08,Health,9436
2021-09-09,Culture,3279
2021-09-10,Fashion,1334
2021-09-11,Food,3584
2021-09-12,Family,7769
2021-09-13,Culture,3453
2021-09-14,Family,1577
2021-09-15,Travel,3842
2021-09-16,Fashion,8122
2021-09-17,Fashion,460
2021-09-18,Culture,5722
2021-09-19,Fitness,4712
2021-09-20,Family,8260
2021-09-21,Health,4034
2021-09-22,Travel,9624
2021-09-23,Culture,5637
2021-09-24,Health,5169
2021-09-25,Family,4894
2021-09-26,Music,8986
2021-09-27,Travel,5197
2021-09-28,Fitness,7865
2021-09-29,Music,6339
2021-09-30,Music,7494
2021-10-01,Fashion,1599
2021-10-02,Travel,5845
2021-10-03,Food,5147
2021-10-04,Music,9674
2021-10-05,Food,8306
2021-10-06,Fitness,1886
2021-10-07,Food,2432
2021-10-08,Music,9732
2021-10-09,Family,917
2021-10-10,Fitness,3500
2021-10-11,Travel,9010
2021-10-12,Family,8342
2021-10-13,Food,7765
2021-10-14,Food,3532
2021-10-15,Culture,5811
2021-10-16,Family,2795
2021-10-17,Fitness,2348
2021-10-18,Music,4437
2021-10-19,Family,7638
2021-10-20,Food,388
2021-10-21,Music,2168
2021-10-22,Music,5465
2021-10-23,Travel,5671
2021-10-24,Travel,5952
2021-10-25,Culture,1359
2021-10-26,Health,6384
2021-10-27,Music,5087
2021-10-28,Fitness,6645
2021-10-29,Health,2365
2021-10-30,Food,3442
2021-10-31,Family,3754
2021-11-01,Culture,9853
2021-11-02,Culture,8283
2021-11-03,Health,6151
2021-11-04,Music,483
2021-11-05,Music,4084
2021-11-06,Travel,7627
2021-11-07,Family,6870
2021-11-08,Health,2472
2021-11-09,Food,6621
2021-11-10,Health,9784
2021-11-11,Music,8289
2021-11-12,Fashion,4116
2021-11-13,Culture,768
2021-11-14,Fitness,2398
2021-11-15,Food,4110
2021-11-16,Fitness,3926
2021-11-17,Food,6632
2021-11-18,Fashion,6738
2021-11-19,Health,7577
2021-11-20,Health,752
2021-11-21,Food,7526
2021-11-22,Fashion,4968
2021-11-23,Fashion,3288
2021-11-24,Culture,5636
2021-11-25,Travel,2662
2021-11-26,Food,7570
2021-11-27,Health,2573
2021-11-28,Travel,5538
2021-11-29,Food,7808
2021-11-30,Culture,9929
2021-12-01,Family,9398
2021-12-02,Food,2293
2021-12-03,Food,8827
2021-12-04,Food,7907
2021-12-05,Fashion,4813
2021-12-06,Food,816
2021-12-07,Food,7503
2021-12-08,Travel,8662
2021-12-09,Family,4159
2021-12-10,Music,4425
2021-12-11,Fashion,9820
2021-12-12,Family,4858
2021-12-13,Culture,4679
2021-12-14,Health,3151
2021-12-15,Culture,3812
2021-12-16,Health,194
2021-12-17,Travel,4050
2021-12-18,Fitness,8268
2021-12-19,Food,2387
2021-12-20,Music,7140
2021-12-21,Family,4703
2021-12-22,Music,5233
2021-12-23,Fitness,4704
2021-12-24,Travel,7040
2021-12-25,Music,1986
2021-12-26,Fitness,6992
2021-12-27,Fitness,6418
2021-12-28,Health,2524
2021-12-29,Culture,2111
2021-12-30,Music,5310
2021-12-31,Food,5996
2022-01-01,Health,7471
2022-01-02,Fashion,472
2022-01-03,Travel,4875
2022-01-04,Culture,9342
2022-01-05,Health,9896
2022-01-06,Family,2595
2022-01-07,Culture,227
2022-01-08,Travel,7018
2022-01-09,Fashion,5054
2022-01-10,Family,3726
2022-01-11,Music,8500
2022-01-12,Travel,817
2022-01-13,Culture,4077
2022-01-14,Health,4481
2022-01-15,Culture,793
2022-01-16,Food,7725
2022-01-17,Music,5042
2022-01-18,Music,7815
2022-01-19,Health,7712
2022-01-20,Music,4141
2022-01-21,Food,6281
2022-01-22,Culture,5389
2022-01-23,Culture,182
2022-01-24,Food,1821
2022-01-25,Health,6194
2022-01-26,Family,7608
2022-01-27,Fitness,8431
2022-01-28,Music,5348
2022-01-29,Travel,300
2022-01-30,Family,36
2022-01-31,Fitness,3374
2022-02-01,Fashion,1335
2022-02-02,Family,3094
2022-02-03,Fitness,3473
2022-02-04,Health,2659
2022-02-05,Family,9996
2022-02-06,Fitness,6942
2022-02-07,Travel,8715
2022-02-08,Food,3224
2022-02-09,Fashion,9598
2022-02-10,Travel,6515
2022-02-11,Health,4757
2022-02-12,Health,909
2022-02-13,Fitness,8478
2022-02-14,Music,2310
2022-02-15,Family,2451
2022-02-16,Family,3654
2022-02-17,Music,2595
2022-02-18,Food,4701
2022-02-19,Family,5987
2022-02-20,Music,7053
2022-02-21,Fashion,2983
2022-02-22,Fashion,812
2022-02-23,Fitness,6611
2022-02-24,Fitness,4817
2022-02-25,Fitness,3576
2022-02-26,Food,1346
2022-02-27,Culture,6353
2022-02-28,Fashion,8172
2022-03-01,Travel,4344
2022-03-02,Fashion,7951
2022-03-03,Travel,2578
2022-03-04,Fashion,2334
2022-03-05,Family,5185
2022-03-06,Health,2951
2022-03-07,Family,5775
2022-03-08,Music,3456
2022-03-09,Family,5240
2022-03-10,Fashion,2281
2022-03-11,Fashion,444
2022-03-12,Fashion,6282
2022-03-13,Food,8160
2022-03-14,Culture,6650
2022-03-15,Music,7247
2022-03-16,Fitness,6104
2022-03-17,Travel,2153
2022-03-18,Culture,6421
2022-03-19,Fitness,1711
2022-03-20,Travel,423
2022-03-21,Food,6149
2022-03-22,Music,2783
2022-03-23,Fitness,6792
2022-03-24,Music,7279
2022-03-25,Travel,370
2022-03-26,Fitness,8629
2022-03-27,Travel,157
2022-03-28,Fitness,8207
2022-03-29,Culture,4792
2022-03-30,Culture,1156
2022-03-31,Fitness,6540
2022-04-01,Travel,5585
2022-04-02,Family,6748
2022-04-03,Food,231
2022-04-04,Food,1573
2022-04-05,Music,4080
2022-04-06,Culture,4518
2022-04-07,Health,4016
2022-04-08,Travel,2891
2022-04-09,Fashion,4698
2022-04-10,Family,7594
2022-04-11,Music,6339
2022-04-12,Music,2726
2022-04-13,Music,7094
2022-04-14,Culture,8975
2022-04-15,Food,7681
2022-04-16,Fashion,8402
2022-04-17,Fitness,7916
2022-04-18,Health,164
2022-04-19,Culture,9207
2022-04-20,Music,7532
2022-04-21,Family,3070
2022-04-22,Family,4172
2022-04-23,Fitness,7833
2022-04-24,Travel,8383
2022-04-25,Family,9226
2022-04-26,Family,5074
2022-04-27,Food,558
2022-04-28,Health,6201
2022-04-29,Fitness,4672
2022-04-30,Food,2699
2022-05-01,Family,5308
2022-05-02,Health,5972
2022-05-03,Fitness,4931
2022-05-04,Fitness,3569
2022-05-05,Travel,7517
2022-05-06,Health,9992
2022-05-07,Health,6698
2022-05-08,Food,3560
2022-05-09,Culture,2591
2022-05-10,Health,7582
2022-05-11,Food,7557
2022-05-12,Fitness,1560
2022-05-13,Culture,3698
2022-05-14,Travel,6412
2022-05-15,Health,3716
